{
	"$schema": "https://schema.cognitiveservices.azure.com/formrecognizer/2021-03-01/fields.json",
	"fields": [
		{
			"fieldKey": "shipping_company_name",
			"fieldType": "string",
			"fieldFormat": "not-specified"
		},
		{
			"fieldKey": "customer_name",
			"fieldType": "string",
			"fieldFormat": "not-specified"
		},
		{
			"fieldKey": "customer_address",
			"fieldType": "string",
			"fieldFormat": "not-specified"
		},
		{
			"fieldKey": "customer_phone",
			"fieldType": "string",
			"fieldFormat": "not-specified"
		},
		{
			"fieldKey": "invoice_total",
			"fieldType": "string",
			"fieldFormat": "not-specified"
		},
		{
			"fieldKey": "invoice_number",
			"fieldType": "string",
			"fieldFormat": "not-specified"
		},
		{
			"fieldKey": "invoice_date",
			"fieldType": "string",
			"fieldFormat": "not-specified"
		}
	],
	"definitions": {}
}