{
	"status": "succeeded",
	"createdDateTime": "2024-05-09T19:20:11Z",
	"lastUpdatedDateTime": "2024-05-09T19:20:13Z",
	"analyzeResult": {
		"apiVersion": "2023-07-31",
		"modelId": "prebuilt-layout",
		"stringIndexType": "utf16CodeUnit",
		"content": "Purchase Order\nHero Limited\nCompany Phone: 555-348-6512\nPurchase Order\nDated As: 02/10/2020\nWebsite: www.herolimited.com\nEmail:\naccounts@herolimited.com\nPurchase Order #: 9328424\nShipped To\nVendor Name: Tish Williams Company Name: Tish's Wishes Address: 932 N Cantaloupe Road Seattle, WA 38383\nPhone: 323-245-2943\nShipped From\nName: Larry Longshore\nPhone: 938-242-4924\nCompany Name: Longshore Supply Address: 382 N Cool Road Bellevue WA 93939\nDetails\nQuantity\nUnit Price\nTotal\nParty Favor purple\n20\n5.00\n100.00\nParty Hat Blue\n20\n5.00\n100.00\nParty Cloth White\n20\n5.00\n100.00\nParty Maraca White\n20\n5.00\n100.00\nLarry Longshore\nShipping Manager\nLarry Longshore\nAdditional Notes:\nSUBTOTAL\n$400.00\nTAX\n$14.00\nTOTAL\n$414.00\nUnpack Carefully. Enjoy. Longshore Supply wishes you a happy party and is always here for for your party supply needs. For larger events and rentals please visit us at our affiliates webpage:\nwww.longshoreevents.org",
		"pages": [
			{
				"pageNumber": 1,
				"angle": 0,
				"width": 1157,
				"height": 1491,
				"unit": "pixel",
				"words": [
					{
						"content": "Purchase",
						"polygon": [
							91,
							94,
							177,
							94,
							177,
							117,
							91,
							116
						],
						"confidence": 0.994,
						"span": {
							"offset": 0,
							"length": 8
						}
					},
					{
						"content": "Order",
						"polygon": [
							183,
							94,
							238,
							94,
							238,
							118,
							183,
							117
						],
						"confidence": 0.995,
						"span": {
							"offset": 9,
							"length": 5
						}
					},
					{
						"content": "Hero",
						"polygon": [
							423,
							140,
							530,
							140,
							529,
							186,
							421,
							185
						],
						"confidence": 0.993,
						"span": {
							"offset": 15,
							"length": 4
						}
					},
					{
						"content": "Limited",
						"polygon": [
							551,
							140,
							726,
							140,
							727,
							185,
							551,
							186
						],
						"confidence": 0.99,
						"span": {
							"offset": 20,
							"length": 7
						}
					},
					{
						"content": "Company",
						"polygon": [
							110,
							241,
							186,
							240,
							186,
							261,
							111,
							261
						],
						"confidence": 0.995,
						"span": {
							"offset": 28,
							"length": 7
						}
					},
					{
						"content": "Phone:",
						"polygon": [
							190,
							240,
							246,
							240,
							246,
							261,
							191,
							261
						],
						"confidence": 0.995,
						"span": {
							"offset": 36,
							"length": 6
						}
					},
					{
						"content": "555-348-6512",
						"polygon": [
							250,
							240,
							360,
							240,
							360,
							260,
							250,
							261
						],
						"confidence": 0.98,
						"span": {
							"offset": 43,
							"length": 12
						}
					},
					{
						"content": "Purchase",
						"polygon": [
							763,
							222,
							936,
							222,
							936,
							253,
							764,
							253
						],
						"confidence": 0.995,
						"span": {
							"offset": 56,
							"length": 8
						}
					},
					{
						"content": "Order",
						"polygon": [
							954,
							222,
							1062,
							222,
							1061,
							254,
							954,
							253
						],
						"confidence": 0.995,
						"span": {
							"offset": 65,
							"length": 5
						}
					},
					{
						"content": "Dated",
						"polygon": [
							701,
							288,
							757,
							287,
							757,
							310,
							701,
							310
						],
						"confidence": 0.995,
						"span": {
							"offset": 71,
							"length": 5
						}
					},
					{
						"content": "As:",
						"polygon": [
							763,
							287,
							792,
							287,
							792,
							309,
							763,
							310
						],
						"confidence": 0.995,
						"span": {
							"offset": 77,
							"length": 3
						}
					},
					{
						"content": "02/10/2020",
						"polygon": [
							797,
							287,
							900,
							288,
							900,
							309,
							797,
							309
						],
						"confidence": 0.989,
						"span": {
							"offset": 81,
							"length": 10
						}
					},
					{
						"content": "Website:",
						"polygon": [
							110,
							269,
							181,
							269,
							182,
							289,
							110,
							289
						],
						"confidence": 0.994,
						"span": {
							"offset": 92,
							"length": 8
						}
					},
					{
						"content": "www.herolimited.com",
						"polygon": [
							185,
							269,
							355,
							270,
							355,
							288,
							186,
							289
						],
						"confidence": 0.983,
						"span": {
							"offset": 101,
							"length": 19
						}
					},
					{
						"content": "Email:",
						"polygon": [
							111,
							299,
							159,
							299,
							159,
							317,
							111,
							316
						],
						"confidence": 0.887,
						"span": {
							"offset": 121,
							"length": 6
						}
					},
					{
						"content": "accounts@herolimited.com",
						"polygon": [
							111,
							329,
							322,
							327,
							322,
							347,
							111,
							347
						],
						"confidence": 0.961,
						"span": {
							"offset": 128,
							"length": 24
						}
					},
					{
						"content": "Purchase",
						"polygon": [
							700,
							315,
							787,
							315,
							787,
							338,
							701,
							338
						],
						"confidence": 0.994,
						"span": {
							"offset": 153,
							"length": 8
						}
					},
					{
						"content": "Order",
						"polygon": [
							793,
							315,
							847,
							315,
							847,
							338,
							793,
							338
						],
						"confidence": 0.995,
						"span": {
							"offset": 162,
							"length": 5
						}
					},
					{
						"content": "#:",
						"polygon": [
							851,
							315,
							870,
							315,
							870,
							338,
							851,
							338
						],
						"confidence": 0.962,
						"span": {
							"offset": 168,
							"length": 2
						}
					},
					{
						"content": "9328424",
						"polygon": [
							875,
							315,
							951,
							316,
							951,
							337,
							875,
							338
						],
						"confidence": 0.994,
						"span": {
							"offset": 171,
							"length": 7
						}
					},
					{
						"content": "Shipped",
						"polygon": [
							111,
							375,
							224,
							376,
							225,
							407,
							111,
							409
						],
						"confidence": 0.993,
						"span": {
							"offset": 179,
							"length": 7
						}
					},
					{
						"content": "To",
						"polygon": [
							235,
							376,
							269,
							376,
							269,
							406,
							235,
							407
						],
						"confidence": 0.995,
						"span": {
							"offset": 187,
							"length": 2
						}
					},
					{
						"content": "Vendor",
						"polygon": [
							107,
							418,
							171,
							417,
							171,
							440,
							108,
							439
						],
						"confidence": 0.995,
						"span": {
							"offset": 190,
							"length": 6
						}
					},
					{
						"content": "Name:",
						"polygon": [
							175,
							417,
							236,
							418,
							236,
							439,
							175,
							440
						],
						"confidence": 0.962,
						"span": {
							"offset": 197,
							"length": 5
						}
					},
					{
						"content": "Tish",
						"polygon": [
							240,
							418,
							272,
							418,
							272,
							439,
							240,
							439
						],
						"confidence": 0.992,
						"span": {
							"offset": 203,
							"length": 4
						}
					},
					{
						"content": "Williams",
						"polygon": [
							278,
							418,
							353,
							419,
							352,
							438,
							278,
							439
						],
						"confidence": 0.993,
						"span": {
							"offset": 208,
							"length": 8
						}
					},
					{
						"content": "Company",
						"polygon": [
							107,
							444,
							190,
							443,
							190,
							466,
							108,
							466
						],
						"confidence": 0.995,
						"span": {
							"offset": 217,
							"length": 7
						}
					},
					{
						"content": "Name:",
						"polygon": [
							194,
							443,
							253,
							443,
							253,
							466,
							194,
							466
						],
						"confidence": 0.995,
						"span": {
							"offset": 225,
							"length": 5
						}
					},
					{
						"content": "Tish's",
						"polygon": [
							257,
							443,
							305,
							443,
							305,
							465,
							258,
							466
						],
						"confidence": 0.976,
						"span": {
							"offset": 231,
							"length": 6
						}
					},
					{
						"content": "Wishes",
						"polygon": [
							309,
							443,
							371,
							444,
							371,
							464,
							309,
							465
						],
						"confidence": 0.995,
						"span": {
							"offset": 238,
							"length": 6
						}
					},
					{
						"content": "Address:",
						"polygon": [
							107,
							469,
							182,
							469,
							183,
							491,
							107,
							490
						],
						"confidence": 0.977,
						"span": {
							"offset": 245,
							"length": 8
						}
					},
					{
						"content": "932",
						"polygon": [
							187,
							469,
							218,
							469,
							218,
							491,
							187,
							491
						],
						"confidence": 0.995,
						"span": {
							"offset": 254,
							"length": 3
						}
					},
					{
						"content": "N",
						"polygon": [
							222,
							469,
							234,
							469,
							234,
							491,
							223,
							491
						],
						"confidence": 0.995,
						"span": {
							"offset": 258,
							"length": 1
						}
					},
					{
						"content": "Cantaloupe",
						"polygon": [
							241,
							469,
							339,
							469,
							339,
							491,
							241,
							491
						],
						"confidence": 0.993,
						"span": {
							"offset": 260,
							"length": 10
						}
					},
					{
						"content": "Road",
						"polygon": [
							343,
							469,
							387,
							470,
							387,
							491,
							343,
							491
						],
						"confidence": 0.993,
						"span": {
							"offset": 271,
							"length": 4
						}
					},
					{
						"content": "Seattle,",
						"polygon": [
							186,
							495,
							250,
							495,
							250,
							516,
							187,
							516
						],
						"confidence": 0.994,
						"span": {
							"offset": 276,
							"length": 8
						}
					},
					{
						"content": "WA",
						"polygon": [
							254,
							495,
							285,
							495,
							285,
							516,
							254,
							516
						],
						"confidence": 0.995,
						"span": {
							"offset": 285,
							"length": 2
						}
					},
					{
						"content": "38383",
						"polygon": [
							289,
							495,
							343,
							494,
							343,
							516,
							290,
							516
						],
						"confidence": 0.993,
						"span": {
							"offset": 288,
							"length": 5
						}
					},
					{
						"content": "Phone:",
						"polygon": [
							518,
							493,
							580,
							494,
							581,
							516,
							519,
							517
						],
						"confidence": 0.995,
						"span": {
							"offset": 294,
							"length": 6
						}
					},
					{
						"content": "323-245-2943",
						"polygon": [
							585,
							494,
							705,
							493,
							706,
							516,
							585,
							516
						],
						"confidence": 0.986,
						"span": {
							"offset": 301,
							"length": 12
						}
					},
					{
						"content": "Shipped",
						"polygon": [
							111,
							538,
							224,
							539,
							224,
							569,
							112,
							569
						],
						"confidence": 0.995,
						"span": {
							"offset": 314,
							"length": 7
						}
					},
					{
						"content": "From",
						"polygon": [
							232,
							539,
							294,
							539,
							294,
							569,
							232,
							569
						],
						"confidence": 0.993,
						"span": {
							"offset": 322,
							"length": 4
						}
					},
					{
						"content": "Name:",
						"polygon": [
							110,
							583,
							168,
							584,
							167,
							608,
							109,
							608
						],
						"confidence": 0.995,
						"span": {
							"offset": 327,
							"length": 5
						}
					},
					{
						"content": "Larry",
						"polygon": [
							172,
							584,
							216,
							584,
							216,
							608,
							172,
							608
						],
						"confidence": 0.992,
						"span": {
							"offset": 333,
							"length": 5
						}
					},
					{
						"content": "Longshore",
						"polygon": [
							221,
							584,
							311,
							584,
							311,
							607,
							221,
							608
						],
						"confidence": 0.994,
						"span": {
							"offset": 339,
							"length": 9
						}
					},
					{
						"content": "Phone:",
						"polygon": [
							517,
							660,
							579,
							660,
							579,
							682,
							517,
							682
						],
						"confidence": 0.995,
						"span": {
							"offset": 349,
							"length": 6
						}
					},
					{
						"content": "938-242-4924",
						"polygon": [
							583,
							660,
							704,
							660,
							704,
							682,
							583,
							682
						],
						"confidence": 0.993,
						"span": {
							"offset": 356,
							"length": 12
						}
					},
					{
						"content": "Company",
						"polygon": [
							111,
							609,
							192,
							610,
							192,
							632,
							111,
							632
						],
						"confidence": 0.994,
						"span": {
							"offset": 369,
							"length": 7
						}
					},
					{
						"content": "Name:",
						"polygon": [
							197,
							610,
							255,
							610,
							255,
							632,
							197,
							632
						],
						"confidence": 0.994,
						"span": {
							"offset": 377,
							"length": 5
						}
					},
					{
						"content": "Longshore",
						"polygon": [
							260,
							610,
							349,
							610,
							349,
							633,
							260,
							632
						],
						"confidence": 0.993,
						"span": {
							"offset": 383,
							"length": 9
						}
					},
					{
						"content": "Supply",
						"polygon": [
							354,
							610,
							412,
							610,
							412,
							634,
							354,
							633
						],
						"confidence": 0.994,
						"span": {
							"offset": 393,
							"length": 6
						}
					},
					{
						"content": "Address:",
						"polygon": [
							110,
							634,
							186,
							635,
							187,
							656,
							111,
							656
						],
						"confidence": 0.994,
						"span": {
							"offset": 400,
							"length": 8
						}
					},
					{
						"content": "382",
						"polygon": [
							191,
							635,
							222,
							635,
							223,
							656,
							191,
							656
						],
						"confidence": 0.995,
						"span": {
							"offset": 409,
							"length": 3
						}
					},
					{
						"content": "N",
						"polygon": [
							226,
							635,
							237,
							635,
							238,
							655,
							227,
							656
						],
						"confidence": 0.995,
						"span": {
							"offset": 413,
							"length": 1
						}
					},
					{
						"content": "Cool",
						"polygon": [
							244,
							635,
							283,
							635,
							283,
							655,
							245,
							655
						],
						"confidence": 0.993,
						"span": {
							"offset": 415,
							"length": 4
						}
					},
					{
						"content": "Road",
						"polygon": [
							287,
							635,
							330,
							635,
							330,
							655,
							288,
							655
						],
						"confidence": 0.993,
						"span": {
							"offset": 420,
							"length": 4
						}
					},
					{
						"content": "Bellevue",
						"polygon": [
							191,
							661,
							265,
							660,
							265,
							681,
							192,
							682
						],
						"confidence": 0.995,
						"span": {
							"offset": 425,
							"length": 8
						}
					},
					{
						"content": "WA",
						"polygon": [
							269,
							660,
							300,
							660,
							300,
							681,
							269,
							681
						],
						"confidence": 0.995,
						"span": {
							"offset": 434,
							"length": 2
						}
					},
					{
						"content": "93939",
						"polygon": [
							305,
							660,
							358,
							659,
							358,
							682,
							305,
							681
						],
						"confidence": 0.995,
						"span": {
							"offset": 437,
							"length": 5
						}
					},
					{
						"content": "Details",
						"polygon": [
							303,
							719,
							380,
							718,
							380,
							741,
							304,
							740
						],
						"confidence": 0.994,
						"span": {
							"offset": 443,
							"length": 7
						}
					},
					{
						"content": "Quantity",
						"polygon": [
							607,
							718,
							705,
							718,
							706,
							744,
							607,
							744
						],
						"confidence": 0.994,
						"span": {
							"offset": 451,
							"length": 8
						}
					},
					{
						"content": "Unit",
						"polygon": [
							760,
							718,
							810,
							718,
							810,
							741,
							760,
							740
						],
						"confidence": 0.993,
						"span": {
							"offset": 460,
							"length": 4
						}
					},
					{
						"content": "Price",
						"polygon": [
							814,
							718,
							868,
							718,
							868,
							741,
							814,
							741
						],
						"confidence": 0.995,
						"span": {
							"offset": 465,
							"length": 5
						}
					},
					{
						"content": "Total",
						"polygon": [
							948,
							718,
							1003,
							718,
							1003,
							740,
							948,
							739
						],
						"confidence": 0.995,
						"span": {
							"offset": 471,
							"length": 5
						}
					},
					{
						"content": "Party",
						"polygon": [
							115,
							750,
							160,
							751,
							160,
							772,
							116,
							772
						],
						"confidence": 0.994,
						"span": {
							"offset": 477,
							"length": 5
						}
					},
					{
						"content": "Favor",
						"polygon": [
							164,
							751,
							212,
							751,
							212,
							773,
							165,
							772
						],
						"confidence": 0.995,
						"span": {
							"offset": 483,
							"length": 5
						}
					},
					{
						"content": "purple",
						"polygon": [
							216,
							751,
							274,
							751,
							274,
							773,
							216,
							773
						],
						"confidence": 0.995,
						"span": {
							"offset": 489,
							"length": 6
						}
					},
					{
						"content": "20",
						"polygon": [
							590,
							750,
							609,
							750,
							609,
							769,
							590,
							769
						],
						"confidence": 0.997,
						"span": {
							"offset": 496,
							"length": 2
						}
					},
					{
						"content": "5.00",
						"polygon": [
							849,
							750,
							884,
							750,
							884,
							769,
							849,
							768
						],
						"confidence": 0.993,
						"span": {
							"offset": 499,
							"length": 4
						}
					},
					{
						"content": "100.00",
						"polygon": [
							988,
							751,
							1045,
							750,
							1045,
							770,
							989,
							769
						],
						"confidence": 0.995,
						"span": {
							"offset": 504,
							"length": 6
						}
					},
					{
						"content": "Party",
						"polygon": [
							115,
							779,
							160,
							779,
							160,
							799,
							115,
							799
						],
						"confidence": 0.995,
						"span": {
							"offset": 511,
							"length": 5
						}
					},
					{
						"content": "Hat",
						"polygon": [
							164,
							779,
							195,
							779,
							195,
							800,
							164,
							800
						],
						"confidence": 0.995,
						"span": {
							"offset": 517,
							"length": 3
						}
					},
					{
						"content": "Blue",
						"polygon": [
							199,
							779,
							237,
							779,
							237,
							800,
							199,
							800
						],
						"confidence": 0.993,
						"span": {
							"offset": 521,
							"length": 4
						}
					},
					{
						"content": "20",
						"polygon": [
							589,
							777,
							610,
							777,
							610,
							799,
							590,
							799
						],
						"confidence": 0.998,
						"span": {
							"offset": 526,
							"length": 2
						}
					},
					{
						"content": "5.00",
						"polygon": [
							849,
							779,
							885,
							779,
							885,
							797,
							849,
							796
						],
						"confidence": 0.993,
						"span": {
							"offset": 529,
							"length": 4
						}
					},
					{
						"content": "100.00",
						"polygon": [
							988,
							779,
							1046,
							779,
							1046,
							798,
							989,
							797
						],
						"confidence": 0.995,
						"span": {
							"offset": 534,
							"length": 6
						}
					},
					{
						"content": "Party",
						"polygon": [
							115,
							808,
							160,
							808,
							159,
							831,
							114,
							831
						],
						"confidence": 0.995,
						"span": {
							"offset": 541,
							"length": 5
						}
					},
					{
						"content": "Cloth",
						"polygon": [
							164,
							808,
							209,
							808,
							209,
							831,
							164,
							831
						],
						"confidence": 0.995,
						"span": {
							"offset": 547,
							"length": 5
						}
					},
					{
						"content": "White",
						"polygon": [
							215,
							808,
							267,
							808,
							267,
							831,
							215,
							831
						],
						"confidence": 0.995,
						"span": {
							"offset": 553,
							"length": 5
						}
					},
					{
						"content": "20",
						"polygon": [
							590,
							809,
							609,
							809,
							609,
							827,
							590,
							827
						],
						"confidence": 0.998,
						"span": {
							"offset": 559,
							"length": 2
						}
					},
					{
						"content": "5.00",
						"polygon": [
							848,
							808,
							885,
							808,
							885,
							827,
							848,
							827
						],
						"confidence": 0.992,
						"span": {
							"offset": 562,
							"length": 4
						}
					},
					{
						"content": "100.00",
						"polygon": [
							988,
							809,
							1046,
							809,
							1045,
							828,
							989,
							828
						],
						"confidence": 0.995,
						"span": {
							"offset": 567,
							"length": 6
						}
					},
					{
						"content": "Party",
						"polygon": [
							115,
							838,
							159,
							838,
							159,
							860,
							115,
							859
						],
						"confidence": 0.995,
						"span": {
							"offset": 574,
							"length": 5
						}
					},
					{
						"content": "Maraca",
						"polygon": [
							163,
							838,
							228,
							838,
							228,
							860,
							164,
							860
						],
						"confidence": 0.995,
						"span": {
							"offset": 580,
							"length": 6
						}
					},
					{
						"content": "White",
						"polygon": [
							233,
							838,
							286,
							837,
							286,
							860,
							233,
							860
						],
						"confidence": 0.995,
						"span": {
							"offset": 587,
							"length": 5
						}
					},
					{
						"content": "20",
						"polygon": [
							589,
							838,
							608,
							838,
							608,
							857,
							589,
							857
						],
						"confidence": 0.997,
						"span": {
							"offset": 593,
							"length": 2
						}
					},
					{
						"content": "5.00",
						"polygon": [
							849,
							838,
							885,
							838,
							884,
							857,
							849,
							856
						],
						"confidence": 0.993,
						"span": {
							"offset": 596,
							"length": 4
						}
					},
					{
						"content": "100.00",
						"polygon": [
							989,
							836,
							1046,
							836,
							1046,
							858,
							989,
							858
						],
						"confidence": 0.995,
						"span": {
							"offset": 601,
							"length": 6
						}
					},
					{
						"content": "Larry",
						"polygon": [
							360,
							1176,
							406,
							1177,
							406,
							1199,
							360,
							1199
						],
						"confidence": 0.553,
						"span": {
							"offset": 608,
							"length": 5
						}
					},
					{
						"content": "Longshore",
						"polygon": [
							410,
							1177,
							492,
							1179,
							493,
							1198,
							410,
							1199
						],
						"confidence": 0.88,
						"span": {
							"offset": 614,
							"length": 9
						}
					},
					{
						"content": "Shipping",
						"polygon": [
							359,
							1201,
							424,
							1201,
							425,
							1222,
							359,
							1222
						],
						"confidence": 0.995,
						"span": {
							"offset": 624,
							"length": 8
						}
					},
					{
						"content": "Manager",
						"polygon": [
							428,
							1201,
							501,
							1202,
							501,
							1222,
							429,
							1222
						],
						"confidence": 0.991,
						"span": {
							"offset": 633,
							"length": 7
						}
					},
					{
						"content": "Larry",
						"polygon": [
							309,
							1144,
							391,
							1145,
							391,
							1177,
							309,
							1176
						],
						"confidence": 0.921,
						"span": {
							"offset": 641,
							"length": 5
						}
					},
					{
						"content": "Longshore",
						"polygon": [
							402,
							1145,
							539,
							1145,
							539,
							1174,
							402,
							1177
						],
						"confidence": 0.897,
						"span": {
							"offset": 647,
							"length": 9
						}
					},
					{
						"content": "Additional",
						"polygon": [
							117,
							1231,
							241,
							1232,
							241,
							1258,
							117,
							1258
						],
						"confidence": 0.992,
						"span": {
							"offset": 657,
							"length": 10
						}
					},
					{
						"content": "Notes:",
						"polygon": [
							246,
							1232,
							327,
							1232,
							327,
							1258,
							246,
							1258
						],
						"confidence": 0.983,
						"span": {
							"offset": 668,
							"length": 6
						}
					},
					{
						"content": "SUBTOTAL",
						"polygon": [
							785,
							1078,
							887,
							1078,
							887,
							1101,
							784,
							1100
						],
						"confidence": 0.994,
						"span": {
							"offset": 675,
							"length": 8
						}
					},
					{
						"content": "$400.00",
						"polygon": [
							976,
							1077,
							1045,
							1077,
							1045,
							1099,
							976,
							1099
						],
						"confidence": 0.995,
						"span": {
							"offset": 684,
							"length": 7
						}
					},
					{
						"content": "TAX",
						"polygon": [
							847,
							1107,
							886,
							1107,
							885,
							1130,
							847,
							1130
						],
						"confidence": 0.995,
						"span": {
							"offset": 692,
							"length": 3
						}
					},
					{
						"content": "$14.00",
						"polygon": [
							987,
							1107,
							1045,
							1107,
							1045,
							1128,
							987,
							1128
						],
						"confidence": 0.992,
						"span": {
							"offset": 696,
							"length": 6
						}
					},
					{
						"content": "TOTAL",
						"polygon": [
							824,
							1146,
							887,
							1146,
							887,
							1168,
							824,
							1167
						],
						"confidence": 0.993,
						"span": {
							"offset": 703,
							"length": 5
						}
					},
					{
						"content": "$414.00",
						"polygon": [
							976,
							1145,
							1046,
							1146,
							1046,
							1166,
							976,
							1166
						],
						"confidence": 0.993,
						"span": {
							"offset": 709,
							"length": 7
						}
					},
					{
						"content": "Unpack",
						"polygon": [
							116,
							1288,
							178,
							1287,
							178,
							1313,
							116,
							1312
						],
						"confidence": 0.993,
						"span": {
							"offset": 717,
							"length": 6
						}
					},
					{
						"content": "Carefully.",
						"polygon": [
							183,
							1287,
							265,
							1287,
							265,
							1313,
							183,
							1313
						],
						"confidence": 0.972,
						"span": {
							"offset": 724,
							"length": 10
						}
					},
					{
						"content": "Enjoy.",
						"polygon": [
							270,
							1287,
							322,
							1287,
							322,
							1314,
							270,
							1313
						],
						"confidence": 0.987,
						"span": {
							"offset": 735,
							"length": 6
						}
					},
					{
						"content": "Longshore",
						"polygon": [
							327,
							1287,
							437,
							1286,
							437,
							1314,
							327,
							1314
						],
						"confidence": 0.992,
						"span": {
							"offset": 742,
							"length": 9
						}
					},
					{
						"content": "Supply",
						"polygon": [
							444,
							1286,
							511,
							1286,
							511,
							1314,
							444,
							1314
						],
						"confidence": 0.993,
						"span": {
							"offset": 752,
							"length": 6
						}
					},
					{
						"content": "wishes",
						"polygon": [
							516,
							1286,
							587,
							1286,
							587,
							1314,
							516,
							1314
						],
						"confidence": 0.993,
						"span": {
							"offset": 759,
							"length": 6
						}
					},
					{
						"content": "you",
						"polygon": [
							593,
							1286,
							632,
							1286,
							632,
							1314,
							593,
							1314
						],
						"confidence": 0.995,
						"span": {
							"offset": 766,
							"length": 3
						}
					},
					{
						"content": "a",
						"polygon": [
							637,
							1286,
							649,
							1286,
							649,
							1314,
							637,
							1314
						],
						"confidence": 0.995,
						"span": {
							"offset": 770,
							"length": 1
						}
					},
					{
						"content": "happy",
						"polygon": [
							655,
							1286,
							718,
							1286,
							718,
							1314,
							655,
							1314
						],
						"confidence": 0.993,
						"span": {
							"offset": 772,
							"length": 5
						}
					},
					{
						"content": "party",
						"polygon": [
							724,
							1286,
							777,
							1286,
							777,
							1314,
							724,
							1314
						],
						"confidence": 0.994,
						"span": {
							"offset": 778,
							"length": 5
						}
					},
					{
						"content": "and",
						"polygon": [
							782,
							1286,
							819,
							1286,
							819,
							1314,
							782,
							1314
						],
						"confidence": 0.995,
						"span": {
							"offset": 784,
							"length": 3
						}
					},
					{
						"content": "is",
						"polygon": [
							825,
							1286,
							844,
							1286,
							844,
							1314,
							825,
							1314
						],
						"confidence": 0.995,
						"span": {
							"offset": 788,
							"length": 2
						}
					},
					{
						"content": "always",
						"polygon": [
							849,
							1286,
							920,
							1286,
							920,
							1313,
							849,
							1314
						],
						"confidence": 0.99,
						"span": {
							"offset": 791,
							"length": 6
						}
					},
					{
						"content": "here",
						"polygon": [
							926,
							1286,
							972,
							1286,
							972,
							1313,
							926,
							1313
						],
						"confidence": 0.993,
						"span": {
							"offset": 798,
							"length": 4
						}
					},
					{
						"content": "for",
						"polygon": [
							977,
							1286,
							1007,
							1287,
							1007,
							1313,
							977,
							1313
						],
						"confidence": 0.996,
						"span": {
							"offset": 803,
							"length": 3
						}
					},
					{
						"content": "for",
						"polygon": [
							116,
							1319,
							142,
							1319,
							142,
							1344,
							116,
							1344
						],
						"confidence": 0.995,
						"span": {
							"offset": 807,
							"length": 3
						}
					},
					{
						"content": "your",
						"polygon": [
							147,
							1319,
							192,
							1319,
							192,
							1344,
							147,
							1344
						],
						"confidence": 0.992,
						"span": {
							"offset": 811,
							"length": 4
						}
					},
					{
						"content": "party",
						"polygon": [
							197,
							1319,
							251,
							1319,
							252,
							1345,
							198,
							1345
						],
						"confidence": 0.994,
						"span": {
							"offset": 816,
							"length": 5
						}
					},
					{
						"content": "supply",
						"polygon": [
							257,
							1319,
							321,
							1318,
							321,
							1345,
							257,
							1345
						],
						"confidence": 0.994,
						"span": {
							"offset": 822,
							"length": 6
						}
					},
					{
						"content": "needs.",
						"polygon": [
							326,
							1318,
							398,
							1318,
							398,
							1345,
							326,
							1345
						],
						"confidence": 0.992,
						"span": {
							"offset": 829,
							"length": 6
						}
					},
					{
						"content": "For",
						"polygon": [
							403,
							1318,
							438,
							1318,
							438,
							1345,
							403,
							1345
						],
						"confidence": 0.996,
						"span": {
							"offset": 836,
							"length": 3
						}
					},
					{
						"content": "larger",
						"polygon": [
							443,
							1318,
							504,
							1318,
							504,
							1345,
							443,
							1345
						],
						"confidence": 0.991,
						"span": {
							"offset": 840,
							"length": 6
						}
					},
					{
						"content": "events",
						"polygon": [
							509,
							1318,
							577,
							1318,
							577,
							1345,
							509,
							1345
						],
						"confidence": 0.993,
						"span": {
							"offset": 847,
							"length": 6
						}
					},
					{
						"content": "and",
						"polygon": [
							582,
							1318,
							621,
							1318,
							621,
							1345,
							582,
							1345
						],
						"confidence": 0.995,
						"span": {
							"offset": 854,
							"length": 3
						}
					},
					{
						"content": "rentals",
						"polygon": [
							626,
							1318,
							696,
							1318,
							696,
							1345,
							626,
							1345
						],
						"confidence": 0.991,
						"span": {
							"offset": 858,
							"length": 7
						}
					},
					{
						"content": "please",
						"polygon": [
							701,
							1318,
							771,
							1318,
							770,
							1345,
							701,
							1345
						],
						"confidence": 0.993,
						"span": {
							"offset": 866,
							"length": 6
						}
					},
					{
						"content": "visit",
						"polygon": [
							776,
							1318,
							816,
							1318,
							816,
							1345,
							776,
							1345
						],
						"confidence": 0.993,
						"span": {
							"offset": 873,
							"length": 5
						}
					},
					{
						"content": "us",
						"polygon": [
							821,
							1318,
							847,
							1318,
							847,
							1344,
							821,
							1345
						],
						"confidence": 0.995,
						"span": {
							"offset": 879,
							"length": 2
						}
					},
					{
						"content": "at",
						"polygon": [
							853,
							1318,
							872,
							1318,
							871,
							1344,
							852,
							1344
						],
						"confidence": 0.995,
						"span": {
							"offset": 882,
							"length": 2
						}
					},
					{
						"content": "our",
						"polygon": [
							877,
							1318,
							912,
							1318,
							911,
							1344,
							877,
							1344
						],
						"confidence": 0.995,
						"span": {
							"offset": 885,
							"length": 3
						}
					},
					{
						"content": "affiliates",
						"polygon": [
							917,
							1318,
							1003,
							1318,
							1002,
							1344,
							917,
							1344
						],
						"confidence": 0.979,
						"span": {
							"offset": 889,
							"length": 10
						}
					},
					{
						"content": "webpage:",
						"polygon": [
							115,
							1343,
							217,
							1343,
							217,
							1368,
							115,
							1366
						],
						"confidence": 0.993,
						"span": {
							"offset": 900,
							"length": 8
						}
					},
					{
						"content": "www.longshoreevents.org",
						"polygon": [
							311,
							1365,
							577,
							1364,
							577,
							1391,
							311,
							1390
						],
						"confidence": 0.932,
						"span": {
							"offset": 909,
							"length": 23
						}
					}
				],
				"lines": [
					{
						"content": "Purchase Order",
						"polygon": [
							89,
							93,
							239,
							94,
							239,
							117,
							89,
							116
						],
						"spans": [
							{
								"offset": 0,
								"length": 14
							}
						]
					},
					{
						"content": "Hero Limited",
						"polygon": [
							420,
							139,
							734,
							139,
							735,
							185,
							420,
							185
						],
						"spans": [
							{
								"offset": 15,
								"length": 12
							}
						]
					},
					{
						"content": "Company Phone: 555-348-6512",
						"polygon": [
							109,
							240,
							360,
							239,
							360,
							260,
							109,
							261
						],
						"spans": [
							{
								"offset": 28,
								"length": 27
							}
						]
					},
					{
						"content": "Purchase Order",
						"polygon": [
							763,
							221,
							1062,
							221,
							1062,
							253,
							763,
							252
						],
						"spans": [
							{
								"offset": 56,
								"length": 14
							}
						]
					},
					{
						"content": "Dated As: 02/10/2020",
						"polygon": [
							700,
							287,
							900,
							287,
							900,
							309,
							700,
							309
						],
						"spans": [
							{
								"offset": 71,
								"length": 20
							}
						]
					},
					{
						"content": "Website: www.herolimited.com",
						"polygon": [
							109,
							268,
							362,
							268,
							362,
							288,
							109,
							288
						],
						"spans": [
							{
								"offset": 92,
								"length": 28
							}
						]
					},
					{
						"content": "Email:",
						"polygon": [
							111,
							299,
							159,
							299,
							159,
							317,
							111,
							316
						],
						"spans": [
							{
								"offset": 121,
								"length": 6
							}
						]
					},
					{
						"content": "accounts@herolimited.com",
						"polygon": [
							109,
							327,
							329,
							327,
							329,
							346,
							109,
							347
						],
						"spans": [
							{
								"offset": 128,
								"length": 24
							}
						]
					},
					{
						"content": "Purchase Order #: 9328424",
						"polygon": [
							699,
							314,
							951,
							314,
							951,
							337,
							699,
							337
						],
						"spans": [
							{
								"offset": 153,
								"length": 25
							}
						]
					},
					{
						"content": "Shipped To",
						"polygon": [
							110,
							374,
							269,
							374,
							269,
							407,
							110,
							408
						],
						"spans": [
							{
								"offset": 179,
								"length": 10
							}
						]
					},
					{
						"content": "Vendor Name: Tish Williams",
						"polygon": [
							106,
							417,
							352,
							417,
							352,
							439,
							106,
							439
						],
						"spans": [
							{
								"offset": 190,
								"length": 26
							}
						]
					},
					{
						"content": "Company Name: Tish's Wishes",
						"polygon": [
							106,
							443,
							372,
							442,
							372,
							465,
							106,
							466
						],
						"spans": [
							{
								"offset": 217,
								"length": 27
							}
						]
					},
					{
						"content": "Address: 932 N Cantaloupe Road",
						"polygon": [
							106,
							469,
							388,
							469,
							388,
							491,
							105,
							490
						],
						"spans": [
							{
								"offset": 245,
								"length": 30
							}
						]
					},
					{
						"content": "Seattle, WA 38383",
						"polygon": [
							185,
							494,
							343,
							493,
							344,
							515,
							185,
							516
						],
						"spans": [
							{
								"offset": 276,
								"length": 17
							}
						]
					},
					{
						"content": "Phone: 323-245-2943",
						"polygon": [
							518,
							493,
							705,
							493,
							705,
							516,
							518,
							516
						],
						"spans": [
							{
								"offset": 294,
								"length": 19
							}
						]
					},
					{
						"content": "Shipped From",
						"polygon": [
							110,
							538,
							307,
							538,
							308,
							568,
							110,
							569
						],
						"spans": [
							{
								"offset": 314,
								"length": 12
							}
						]
					},
					{
						"content": "Name: Larry Longshore",
						"polygon": [
							107,
							582,
							310,
							582,
							310,
							607,
							107,
							607
						],
						"spans": [
							{
								"offset": 327,
								"length": 21
							}
						]
					},
					{
						"content": "Phone: 938-242-4924",
						"polygon": [
							517,
							659,
							704,
							659,
							704,
							682,
							517,
							682
						],
						"spans": [
							{
								"offset": 349,
								"length": 19
							}
						]
					},
					{
						"content": "Company Name: Longshore Supply",
						"polygon": [
							110,
							609,
							412,
							609,
							412,
							633,
							110,
							632
						],
						"spans": [
							{
								"offset": 369,
								"length": 30
							}
						]
					},
					{
						"content": "Address: 382 N Cool Road",
						"polygon": [
							109,
							634,
							332,
							634,
							332,
							655,
							109,
							655
						],
						"spans": [
							{
								"offset": 400,
								"length": 24
							}
						]
					},
					{
						"content": "Bellevue WA 93939",
						"polygon": [
							191,
							660,
							359,
							659,
							359,
							681,
							191,
							682
						],
						"spans": [
							{
								"offset": 425,
								"length": 17
							}
						]
					},
					{
						"content": "Details",
						"polygon": [
							303,
							718,
							380,
							718,
							380,
							740,
							303,
							740
						],
						"spans": [
							{
								"offset": 443,
								"length": 7
							}
						]
					},
					{
						"content": "Quantity",
						"polygon": [
							605,
							717,
							707,
							718,
							706,
							744,
							605,
							743
						],
						"spans": [
							{
								"offset": 451,
								"length": 8
							}
						]
					},
					{
						"content": "Unit Price",
						"polygon": [
							760,
							717,
							869,
							717,
							869,
							741,
							760,
							740
						],
						"spans": [
							{
								"offset": 460,
								"length": 10
							}
						]
					},
					{
						"content": "Total",
						"polygon": [
							947,
							718,
							1004,
							718,
							1003,
							740,
							947,
							739
						],
						"spans": [
							{
								"offset": 471,
								"length": 5
							}
						]
					},
					{
						"content": "Party Favor purple",
						"polygon": [
							115,
							750,
							274,
							751,
							274,
							772,
							115,
							771
						],
						"spans": [
							{
								"offset": 477,
								"length": 18
							}
						]
					},
					{
						"content": "20",
						"polygon": [
							588,
							750,
							612,
							750,
							612,
							769,
							588,
							768
						],
						"spans": [
							{
								"offset": 496,
								"length": 2
							}
						]
					},
					{
						"content": "5.00",
						"polygon": [
							848,
							750,
							888,
							750,
							888,
							769,
							848,
							768
						],
						"spans": [
							{
								"offset": 499,
								"length": 4
							}
						]
					},
					{
						"content": "100.00",
						"polygon": [
							986,
							750,
							1047,
							750,
							1047,
							769,
							986,
							769
						],
						"spans": [
							{
								"offset": 504,
								"length": 6
							}
						]
					},
					{
						"content": "Party Hat Blue",
						"polygon": [
							114,
							778,
							238,
							778,
							237,
							799,
							114,
							799
						],
						"spans": [
							{
								"offset": 511,
								"length": 14
							}
						]
					},
					{
						"content": "20",
						"polygon": [
							587,
							778,
							613,
							777,
							614,
							799,
							587,
							799
						],
						"spans": [
							{
								"offset": 526,
								"length": 2
							}
						]
					},
					{
						"content": "5.00",
						"polygon": [
							848,
							779,
							887,
							779,
							888,
							797,
							849,
							796
						],
						"spans": [
							{
								"offset": 529,
								"length": 4
							}
						]
					},
					{
						"content": "100.00",
						"polygon": [
							987,
							778,
							1047,
							778,
							1047,
							797,
							987,
							797
						],
						"spans": [
							{
								"offset": 534,
								"length": 6
							}
						]
					},
					{
						"content": "Party Cloth White",
						"polygon": [
							113,
							807,
							267,
							807,
							267,
							830,
							113,
							830
						],
						"spans": [
							{
								"offset": 541,
								"length": 17
							}
						]
					},
					{
						"content": "20",
						"polygon": [
							588,
							809,
							611,
							809,
							611,
							827,
							588,
							826
						],
						"spans": [
							{
								"offset": 559,
								"length": 2
							}
						]
					},
					{
						"content": "5.00",
						"polygon": [
							847,
							808,
							887,
							808,
							887,
							827,
							848,
							827
						],
						"spans": [
							{
								"offset": 562,
								"length": 4
							}
						]
					},
					{
						"content": "100.00",
						"polygon": [
							987,
							808,
							1047,
							808,
							1047,
							828,
							987,
							827
						],
						"spans": [
							{
								"offset": 567,
								"length": 6
							}
						]
					},
					{
						"content": "Party Maraca White",
						"polygon": [
							114,
							837,
							286,
							837,
							286,
							859,
							114,
							859
						],
						"spans": [
							{
								"offset": 574,
								"length": 18
							}
						]
					},
					{
						"content": "20",
						"polygon": [
							587,
							838,
							612,
							838,
							612,
							857,
							587,
							857
						],
						"spans": [
							{
								"offset": 593,
								"length": 2
							}
						]
					},
					{
						"content": "5.00",
						"polygon": [
							847,
							838,
							887,
							838,
							887,
							857,
							848,
							856
						],
						"spans": [
							{
								"offset": 596,
								"length": 4
							}
						]
					},
					{
						"content": "100.00",
						"polygon": [
							986,
							836,
							1047,
							836,
							1047,
							858,
							986,
							858
						],
						"spans": [
							{
								"offset": 601,
								"length": 6
							}
						]
					},
					{
						"content": "Larry Longshore",
						"polygon": [
							358,
							1175,
							493,
							1177,
							493,
							1199,
							358,
							1198
						],
						"spans": [
							{
								"offset": 608,
								"length": 15
							}
						]
					},
					{
						"content": "Shipping Manager",
						"polygon": [
							357,
							1201,
							501,
							1201,
							501,
							1222,
							357,
							1221
						],
						"spans": [
							{
								"offset": 624,
								"length": 16
							}
						]
					},
					{
						"content": "Larry Longshore",
						"polygon": [
							304,
							1144,
							540,
							1144,
							540,
							1175,
							304,
							1176
						],
						"spans": [
							{
								"offset": 641,
								"length": 15
							}
						]
					},
					{
						"content": "Additional Notes:",
						"polygon": [
							115,
							1231,
							326,
							1231,
							326,
							1258,
							115,
							1257
						],
						"spans": [
							{
								"offset": 657,
								"length": 17
							}
						]
					},
					{
						"content": "SUBTOTAL",
						"polygon": [
							781,
							1077,
							888,
							1078,
							888,
							1100,
							781,
							1100
						],
						"spans": [
							{
								"offset": 675,
								"length": 8
							}
						]
					},
					{
						"content": "$400.00",
						"polygon": [
							976,
							1077,
							1047,
							1077,
							1047,
							1098,
							976,
							1098
						],
						"spans": [
							{
								"offset": 684,
								"length": 7
							}
						]
					},
					{
						"content": "TAX",
						"polygon": [
							843,
							1107,
							887,
							1108,
							888,
							1130,
							843,
							1130
						],
						"spans": [
							{
								"offset": 692,
								"length": 3
							}
						]
					},
					{
						"content": "$14.00",
						"polygon": [
							986,
							1107,
							1046,
							1107,
							1046,
							1128,
							986,
							1128
						],
						"spans": [
							{
								"offset": 696,
								"length": 6
							}
						]
					},
					{
						"content": "TOTAL",
						"polygon": [
							823,
							1146,
							887,
							1146,
							888,
							1168,
							823,
							1167
						],
						"spans": [
							{
								"offset": 703,
								"length": 5
							}
						]
					},
					{
						"content": "$414.00",
						"polygon": [
							976,
							1145,
							1047,
							1145,
							1047,
							1166,
							976,
							1166
						],
						"spans": [
							{
								"offset": 709,
								"length": 7
							}
						]
					},
					{
						"content": "Unpack Carefully. Enjoy. Longshore Supply wishes you a happy party and is always here for",
						"polygon": [
							114,
							1286,
							1007,
							1285,
							1007,
							1313,
							114,
							1313
						],
						"spans": [
							{
								"offset": 717,
								"length": 89
							}
						]
					},
					{
						"content": "for your party supply needs. For larger events and rentals please visit us at our affiliates",
						"polygon": [
							115,
							1318,
							1004,
							1317,
							1004,
							1344,
							115,
							1345
						],
						"spans": [
							{
								"offset": 807,
								"length": 92
							}
						]
					},
					{
						"content": "webpage:",
						"polygon": [
							115,
							1342,
							217,
							1343,
							217,
							1367,
							115,
							1366
						],
						"spans": [
							{
								"offset": 900,
								"length": 8
							}
						]
					},
					{
						"content": "www.longshoreevents.org",
						"polygon": [
							310,
							1363,
							578,
							1363,
							578,
							1390,
							310,
							1390
						],
						"spans": [
							{
								"offset": 909,
								"length": 23
							}
						]
					}
				],
				"spans": [
					{
						"offset": 0,
						"length": 932
					}
				]
			}
		],
		"tables": [
			{
				"rowCount": 11,
				"columnCount": 2,
				"cells": [
					{
						"rowIndex": 0,
						"columnIndex": 0,
						"content": "Purchase Order",
						"boundingRegions": [
							{
								"pageNumber": 1,
								"polygon": [
									88,
									88,
									415,
									89,
									415,
									126,
									88,
									126
								]
							}
						],
						"spans": [
							{
								"offset": 0,
								"length": 14
							}
						]
					},
					{
						"rowIndex": 0,
						"columnIndex": 1,
						"content": "",
						"boundingRegions": [
							{
								"pageNumber": 1,
								"polygon": [
									415,
									89,
									1072,
									89,
									1072,
									126,
									415,
									126
								]
							}
						],
						"spans": []
					},
					{
						"rowIndex": 1,
						"columnIndex": 0,
						"columnSpan": 2,
						"content": "Hero Limited",
						"boundingRegions": [
							{
								"pageNumber": 1,
								"polygon": [
									88,
									126,
									1072,
									126,
									1073,
									201,
									88,
									202
								]
							}
						],
						"spans": [
							{
								"offset": 15,
								"length": 12
							}
						]
					},
					{
						"rowIndex": 2,
						"columnIndex": 0,
						"content": "Company Phone: 555-348-6512",
						"boundingRegions": [
							{
								"pageNumber": 1,
								"polygon": [
									88,
									202,
									415,
									202,
									415,
									264,
									88,
									265
								]
							}
						],
						"spans": [
							{
								"offset": 28,
								"length": 27
							}
						]
					},
					{
						"rowIndex": 2,
						"columnIndex": 1,
						"rowSpan": 2,
						"content": "Purchase Order",
						"boundingRegions": [
							{
								"pageNumber": 1,
								"polygon": [
									415,
									202,
									1073,
									201,
									1073,
									287,
									415,
									291
								]
							}
						],
						"spans": [
							{
								"offset": 56,
								"length": 14
							}
						]
					},
					{
						"rowIndex": 3,
						"columnIndex": 0,
						"content": "Website: www.herolimited.com",
						"boundingRegions": [
							{
								"pageNumber": 1,
								"polygon": [
									88,
									265,
									415,
									264,
									415,
									291,
									88,
									292
								]
							}
						],
						"spans": [
							{
								"offset": 92,
								"length": 28
							}
						]
					},
					{
						"rowIndex": 4,
						"columnIndex": 0,
						"content": "Email:",
						"boundingRegions": [
							{
								"pageNumber": 1,
								"polygon": [
									88,
									292,
									415,
									291,
									415,
									317,
									88,
									319
								]
							}
						],
						"spans": [
							{
								"offset": 121,
								"length": 6
							}
						]
					},
					{
						"rowIndex": 4,
						"columnIndex": 1,
						"content": "Dated As: 02/10/2020",
						"boundingRegions": [
							{
								"pageNumber": 1,
								"polygon": [
									415,
									291,
									1073,
									287,
									1073,
									315,
									415,
									317
								]
							}
						],
						"spans": [
							{
								"offset": 71,
								"length": 20
							}
						]
					},
					{
						"rowIndex": 5,
						"columnIndex": 0,
						"content": "accounts@herolimited.com",
						"boundingRegions": [
							{
								"pageNumber": 1,
								"polygon": [
									88,
									319,
									415,
									317,
									415,
									363,
									88,
									364
								]
							}
						],
						"spans": [
							{
								"offset": 128,
								"length": 24
							}
						]
					},
					{
						"rowIndex": 5,
						"columnIndex": 1,
						"content": "Purchase Order #: 9328424",
						"boundingRegions": [
							{
								"pageNumber": 1,
								"polygon": [
									415,
									317,
									1073,
									315,
									1073,
									363,
									415,
									363
								]
							}
						],
						"spans": [
							{
								"offset": 153,
								"length": 25
							}
						]
					},
					{
						"rowIndex": 6,
						"columnIndex": 0,
						"content": "Shipped To",
						"boundingRegions": [
							{
								"pageNumber": 1,
								"polygon": [
									88,
									364,
									415,
									363,
									415,
									412,
									87,
									412
								]
							}
						],
						"spans": [
							{
								"offset": 179,
								"length": 10
							}
						]
					},
					{
						"rowIndex": 6,
						"columnIndex": 1,
						"content": "",
						"boundingRegions": [
							{
								"pageNumber": 1,
								"polygon": [
									415,
									363,
									1073,
									363,
									1073,
									413,
									415,
									412
								]
							}
						],
						"spans": []
					},
					{
						"rowIndex": 7,
						"columnIndex": 0,
						"content": "Vendor Name: Tish Williams Company Name: Tish's Wishes Address: 932 N Cantaloupe Road Seattle, WA 38383",
						"boundingRegions": [
							{
								"pageNumber": 1,
								"polygon": [
									87,
									412,
									415,
									412,
									415,
									527,
									87,
									528
								]
							}
						],
						"spans": [
							{
								"offset": 190,
								"length": 103
							}
						]
					},
					{
						"rowIndex": 7,
						"columnIndex": 1,
						"content": "Phone: 323-245-2943",
						"boundingRegions": [
							{
								"pageNumber": 1,
								"polygon": [
									415,
									412,
									1073,
									413,
									1073,
									528,
									415,
									527
								]
							}
						],
						"spans": [
							{
								"offset": 294,
								"length": 19
							}
						]
					},
					{
						"rowIndex": 8,
						"columnIndex": 0,
						"content": "Shipped From",
						"boundingRegions": [
							{
								"pageNumber": 1,
								"polygon": [
									87,
									528,
									415,
									527,
									415,
									577,
									87,
									575
								]
							}
						],
						"spans": [
							{
								"offset": 314,
								"length": 12
							}
						]
					},
					{
						"rowIndex": 8,
						"columnIndex": 1,
						"content": "",
						"boundingRegions": [
							{
								"pageNumber": 1,
								"polygon": [
									415,
									527,
									1073,
									528,
									1073,
									578,
									415,
									577
								]
							}
						],
						"spans": []
					},
					{
						"rowIndex": 9,
						"columnIndex": 0,
						"content": "Name: Larry Longshore",
						"boundingRegions": [
							{
								"pageNumber": 1,
								"polygon": [
									87,
									575,
									415,
									577,
									415,
									608,
									87,
									609
								]
							}
						],
						"spans": [
							{
								"offset": 327,
								"length": 21
							}
						]
					},
					{
						"rowIndex": 9,
						"columnIndex": 1,
						"rowSpan": 2,
						"content": "Phone: 938-242-4924",
						"boundingRegions": [
							{
								"pageNumber": 1,
								"polygon": [
									415,
									577,
									1073,
									578,
									1073,
									712,
									416,
									712
								]
							}
						],
						"spans": [
							{
								"offset": 349,
								"length": 19
							}
						]
					},
					{
						"rowIndex": 10,
						"columnIndex": 0,
						"content": "Company Name: Longshore Supply Address: 382 N Cool Road Bellevue WA 93939",
						"boundingRegions": [
							{
								"pageNumber": 1,
								"polygon": [
									87,
									609,
									415,
									608,
									416,
									712,
									87,
									712
								]
							}
						],
						"spans": [
							{
								"offset": 369,
								"length": 73
							}
						]
					}
				],
				"boundingRegions": [
					{
						"pageNumber": 1,
						"polygon": [
							90,
							82,
							1077,
							82,
							1077,
							705,
							90,
							706
						]
					}
				],
				"spans": [
					{
						"offset": 0,
						"length": 70
					},
					{
						"offset": 92,
						"length": 35
					},
					{
						"offset": 71,
						"length": 20
					},
					{
						"offset": 128,
						"length": 314
					}
				]
			},
			{
				"rowCount": 5,
				"columnCount": 4,
				"cells": [
					{
						"kind": "columnHeader",
						"rowIndex": 0,
						"columnIndex": 0,
						"content": "Details",
						"boundingRegions": [
							{
								"pageNumber": 1,
								"polygon": [
									104,
									712,
									578,
									712,
									578,
									745,
									104,
									745
								]
							}
						],
						"spans": [
							{
								"offset": 443,
								"length": 7
							}
						]
					},
					{
						"kind": "columnHeader",
						"rowIndex": 0,
						"columnIndex": 1,
						"content": "Quantity",
						"boundingRegions": [
							{
								"pageNumber": 1,
								"polygon": [
									578,
									712,
									732,
									712,
									732,
									745,
									578,
									745
								]
							}
						],
						"spans": [
							{
								"offset": 451,
								"length": 8
							}
						]
					},
					{
						"kind": "columnHeader",
						"rowIndex": 0,
						"columnIndex": 2,
						"content": "Unit Price",
						"boundingRegions": [
							{
								"pageNumber": 1,
								"polygon": [
									732,
									712,
									895,
									712,
									895,
									745,
									732,
									745
								]
							}
						],
						"spans": [
							{
								"offset": 460,
								"length": 10
							}
						]
					},
					{
						"kind": "columnHeader",
						"rowIndex": 0,
						"columnIndex": 3,
						"content": "Total",
						"boundingRegions": [
							{
								"pageNumber": 1,
								"polygon": [
									895,
									712,
									1055,
									712,
									1055,
									745,
									895,
									745
								]
							}
						],
						"spans": [
							{
								"offset": 471,
								"length": 5
							}
						]
					},
					{
						"rowIndex": 1,
						"columnIndex": 0,
						"content": "Party Favor purple",
						"boundingRegions": [
							{
								"pageNumber": 1,
								"polygon": [
									104,
									745,
									578,
									745,
									578,
									774,
									103,
									774
								]
							}
						],
						"spans": [
							{
								"offset": 477,
								"length": 18
							}
						]
					},
					{
						"rowIndex": 1,
						"columnIndex": 1,
						"content": "20",
						"boundingRegions": [
							{
								"pageNumber": 1,
								"polygon": [
									578,
									745,
									732,
									745,
									732,
									773,
									578,
									774
								]
							}
						],
						"spans": [
							{
								"offset": 496,
								"length": 2
							}
						]
					},
					{
						"rowIndex": 1,
						"columnIndex": 2,
						"content": "5.00",
						"boundingRegions": [
							{
								"pageNumber": 1,
								"polygon": [
									732,
									745,
									895,
									745,
									895,
									773,
									732,
									773
								]
							}
						],
						"spans": [
							{
								"offset": 499,
								"length": 4
							}
						]
					},
					{
						"rowIndex": 1,
						"columnIndex": 3,
						"content": "100.00",
						"boundingRegions": [
							{
								"pageNumber": 1,
								"polygon": [
									895,
									745,
									1055,
									745,
									1055,
									773,
									895,
									773
								]
							}
						],
						"spans": [
							{
								"offset": 504,
								"length": 6
							}
						]
					},
					{
						"rowIndex": 2,
						"columnIndex": 0,
						"content": "Party Hat Blue",
						"boundingRegions": [
							{
								"pageNumber": 1,
								"polygon": [
									103,
									774,
									578,
									774,
									578,
									804,
									103,
									804
								]
							}
						],
						"spans": [
							{
								"offset": 511,
								"length": 14
							}
						]
					},
					{
						"rowIndex": 2,
						"columnIndex": 1,
						"content": "20",
						"boundingRegions": [
							{
								"pageNumber": 1,
								"polygon": [
									578,
									774,
									732,
									773,
									732,
									804,
									578,
									804
								]
							}
						],
						"spans": [
							{
								"offset": 526,
								"length": 2
							}
						]
					},
					{
						"rowIndex": 2,
						"columnIndex": 2,
						"content": "5.00",
						"boundingRegions": [
							{
								"pageNumber": 1,
								"polygon": [
									732,
									773,
									895,
									773,
									895,
									804,
									732,
									804
								]
							}
						],
						"spans": [
							{
								"offset": 529,
								"length": 4
							}
						]
					},
					{
						"rowIndex": 2,
						"columnIndex": 3,
						"content": "100.00",
						"boundingRegions": [
							{
								"pageNumber": 1,
								"polygon": [
									895,
									773,
									1055,
									773,
									1055,
									804,
									895,
									804
								]
							}
						],
						"spans": [
							{
								"offset": 534,
								"length": 6
							}
						]
					},
					{
						"rowIndex": 3,
						"columnIndex": 0,
						"content": "Party Cloth White",
						"boundingRegions": [
							{
								"pageNumber": 1,
								"polygon": [
									103,
									804,
									578,
									804,
									578,
									833,
									103,
									833
								]
							}
						],
						"spans": [
							{
								"offset": 541,
								"length": 17
							}
						]
					},
					{
						"rowIndex": 3,
						"columnIndex": 1,
						"content": "20",
						"boundingRegions": [
							{
								"pageNumber": 1,
								"polygon": [
									578,
									804,
									732,
									804,
									732,
									833,
									578,
									833
								]
							}
						],
						"spans": [
							{
								"offset": 559,
								"length": 2
							}
						]
					},
					{
						"rowIndex": 3,
						"columnIndex": 2,
						"content": "5.00",
						"boundingRegions": [
							{
								"pageNumber": 1,
								"polygon": [
									732,
									804,
									895,
									804,
									895,
									833,
									732,
									833
								]
							}
						],
						"spans": [
							{
								"offset": 562,
								"length": 4
							}
						]
					},
					{
						"rowIndex": 3,
						"columnIndex": 3,
						"content": "100.00",
						"boundingRegions": [
							{
								"pageNumber": 1,
								"polygon": [
									895,
									804,
									1055,
									804,
									1055,
									833,
									895,
									833
								]
							}
						],
						"spans": [
							{
								"offset": 567,
								"length": 6
							}
						]
					},
					{
						"rowIndex": 4,
						"columnIndex": 0,
						"content": "Party Maraca White",
						"boundingRegions": [
							{
								"pageNumber": 1,
								"polygon": [
									103,
									833,
									578,
									833,
									578,
									864,
									103,
									864
								]
							}
						],
						"spans": [
							{
								"offset": 574,
								"length": 18
							}
						]
					},
					{
						"rowIndex": 4,
						"columnIndex": 1,
						"content": "20",
						"boundingRegions": [
							{
								"pageNumber": 1,
								"polygon": [
									578,
									833,
									732,
									833,
									732,
									864,
									578,
									864
								]
							}
						],
						"spans": [
							{
								"offset": 593,
								"length": 2
							}
						]
					},
					{
						"rowIndex": 4,
						"columnIndex": 2,
						"content": "5.00",
						"boundingRegions": [
							{
								"pageNumber": 1,
								"polygon": [
									732,
									833,
									895,
									833,
									895,
									864,
									732,
									864
								]
							}
						],
						"spans": [
							{
								"offset": 596,
								"length": 4
							}
						]
					},
					{
						"rowIndex": 4,
						"columnIndex": 3,
						"content": "100.00",
						"boundingRegions": [
							{
								"pageNumber": 1,
								"polygon": [
									895,
									833,
									1055,
									833,
									1055,
									864,
									895,
									864
								]
							}
						],
						"spans": [
							{
								"offset": 601,
								"length": 6
							}
						]
					}
				],
				"boundingRegions": [
					{
						"pageNumber": 1,
						"polygon": [
							97,
							713,
							1066,
							713,
							1066,
							866,
							97,
							866
						]
					}
				],
				"spans": [
					{
						"offset": 443,
						"length": 164
					}
				]
			},
			{
				"rowCount": 3,
				"columnCount": 2,
				"cells": [
					{
						"rowIndex": 0,
						"columnIndex": 0,
						"content": "SUBTOTAL",
						"boundingRegions": [
							{
								"pageNumber": 1,
								"polygon": [
									732,
									1074,
									895,
									1074,
									895,
									1103,
									732,
									1103
								]
							}
						],
						"spans": [
							{
								"offset": 675,
								"length": 8
							}
						]
					},
					{
						"rowIndex": 0,
						"columnIndex": 1,
						"content": "$400.00",
						"boundingRegions": [
							{
								"pageNumber": 1,
								"polygon": [
									895,
									1074,
									1057,
									1074,
									1057,
									1103,
									895,
									1103
								]
							}
						],
						"spans": [
							{
								"offset": 684,
								"length": 7
							}
						]
					},
					{
						"rowIndex": 1,
						"columnIndex": 0,
						"content": "TAX",
						"boundingRegions": [
							{
								"pageNumber": 1,
								"polygon": [
									732,
									1103,
									895,
									1103,
									895,
									1136,
									732,
									1136
								]
							}
						],
						"spans": [
							{
								"offset": 692,
								"length": 3
							}
						]
					},
					{
						"rowIndex": 1,
						"columnIndex": 1,
						"content": "$14.00",
						"boundingRegions": [
							{
								"pageNumber": 1,
								"polygon": [
									895,
									1103,
									1057,
									1103,
									1057,
									1135,
									895,
									1136
								]
							}
						],
						"spans": [
							{
								"offset": 696,
								"length": 6
							}
						]
					},
					{
						"rowIndex": 2,
						"columnIndex": 0,
						"content": "TOTAL",
						"boundingRegions": [
							{
								"pageNumber": 1,
								"polygon": [
									732,
									1136,
									895,
									1136,
									895,
									1171,
									732,
									1171
								]
							}
						],
						"spans": [
							{
								"offset": 703,
								"length": 5
							}
						]
					},
					{
						"rowIndex": 2,
						"columnIndex": 1,
						"content": "$414.00",
						"boundingRegions": [
							{
								"pageNumber": 1,
								"polygon": [
									895,
									1136,
									1057,
									1135,
									1057,
									1170,
									895,
									1171
								]
							}
						],
						"spans": [
							{
								"offset": 709,
								"length": 7
							}
						]
					}
				],
				"boundingRegions": [
					{
						"pageNumber": 1,
						"polygon": [
							732,
							1074,
							1058,
							1074,
							1058,
							1173,
							732,
							1173
						]
					}
				],
				"spans": [
					{
						"offset": 675,
						"length": 41
					}
				]
			}
		],
		"paragraphs": [
			{
				"spans": [
					{
						"offset": 0,
						"length": 14
					}
				],
				"boundingRegions": [
					{
						"pageNumber": 1,
						"polygon": [
							88,
							88,
							415,
							89,
							415,
							126,
							88,
							126
						]
					}
				],
				"content": "Purchase Order"
			},
			{
				"spans": [
					{
						"offset": 15,
						"length": 12
					}
				],
				"boundingRegions": [
					{
						"pageNumber": 1,
						"polygon": [
							88,
							126,
							1072,
							126,
							1073,
							201,
							88,
							202
						]
					}
				],
				"content": "Hero Limited"
			},
			{
				"spans": [
					{
						"offset": 28,
						"length": 27
					}
				],
				"boundingRegions": [
					{
						"pageNumber": 1,
						"polygon": [
							88,
							202,
							415,
							202,
							415,
							264,
							88,
							265
						]
					}
				],
				"content": "Company Phone: 555-348-6512"
			},
			{
				"spans": [
					{
						"offset": 56,
						"length": 14
					}
				],
				"boundingRegions": [
					{
						"pageNumber": 1,
						"polygon": [
							415,
							202,
							1073,
							201,
							1073,
							287,
							415,
							291
						]
					}
				],
				"content": "Purchase Order"
			},
			{
				"spans": [
					{
						"offset": 92,
						"length": 28
					}
				],
				"boundingRegions": [
					{
						"pageNumber": 1,
						"polygon": [
							88,
							265,
							415,
							264,
							415,
							291,
							88,
							292
						]
					}
				],
				"content": "Website: www.herolimited.com"
			},
			{
				"spans": [
					{
						"offset": 121,
						"length": 6
					}
				],
				"boundingRegions": [
					{
						"pageNumber": 1,
						"polygon": [
							88,
							292,
							415,
							291,
							415,
							317,
							88,
							319
						]
					}
				],
				"content": "Email:"
			},
			{
				"spans": [
					{
						"offset": 71,
						"length": 20
					}
				],
				"boundingRegions": [
					{
						"pageNumber": 1,
						"polygon": [
							415,
							291,
							1073,
							287,
							1073,
							315,
							415,
							317
						]
					}
				],
				"content": "Dated As: 02/10/2020"
			},
			{
				"spans": [
					{
						"offset": 128,
						"length": 24
					}
				],
				"boundingRegions": [
					{
						"pageNumber": 1,
						"polygon": [
							88,
							319,
							415,
							317,
							415,
							363,
							88,
							364
						]
					}
				],
				"content": "accounts@herolimited.com"
			},
			{
				"spans": [
					{
						"offset": 153,
						"length": 25
					}
				],
				"boundingRegions": [
					{
						"pageNumber": 1,
						"polygon": [
							415,
							317,
							1073,
							315,
							1073,
							363,
							415,
							363
						]
					}
				],
				"content": "Purchase Order #: 9328424"
			},
			{
				"spans": [
					{
						"offset": 179,
						"length": 10
					}
				],
				"boundingRegions": [
					{
						"pageNumber": 1,
						"polygon": [
							88,
							364,
							415,
							363,
							415,
							412,
							87,
							412
						]
					}
				],
				"content": "Shipped To"
			},
			{
				"spans": [
					{
						"offset": 190,
						"length": 103
					}
				],
				"boundingRegions": [
					{
						"pageNumber": 1,
						"polygon": [
							87,
							412,
							415,
							412,
							415,
							527,
							87,
							528
						]
					}
				],
				"content": "Vendor Name: Tish Williams Company Name: Tish's Wishes Address: 932 N Cantaloupe Road Seattle, WA 38383"
			},
			{
				"spans": [
					{
						"offset": 294,
						"length": 19
					}
				],
				"boundingRegions": [
					{
						"pageNumber": 1,
						"polygon": [
							415,
							412,
							1073,
							413,
							1073,
							528,
							415,
							527
						]
					}
				],
				"content": "Phone: 323-245-2943"
			},
			{
				"spans": [
					{
						"offset": 314,
						"length": 12
					}
				],
				"boundingRegions": [
					{
						"pageNumber": 1,
						"polygon": [
							87,
							528,
							415,
							527,
							415,
							577,
							87,
							575
						]
					}
				],
				"content": "Shipped From"
			},
			{
				"spans": [
					{
						"offset": 327,
						"length": 21
					}
				],
				"boundingRegions": [
					{
						"pageNumber": 1,
						"polygon": [
							87,
							575,
							415,
							577,
							415,
							608,
							87,
							609
						]
					}
				],
				"content": "Name: Larry Longshore"
			},
			{
				"spans": [
					{
						"offset": 349,
						"length": 19
					}
				],
				"boundingRegions": [
					{
						"pageNumber": 1,
						"polygon": [
							415,
							577,
							1073,
							578,
							1073,
							712,
							416,
							712
						]
					}
				],
				"content": "Phone: 938-242-4924"
			},
			{
				"spans": [
					{
						"offset": 369,
						"length": 73
					}
				],
				"boundingRegions": [
					{
						"pageNumber": 1,
						"polygon": [
							87,
							609,
							415,
							608,
							416,
							712,
							87,
							712
						]
					}
				],
				"content": "Company Name: Longshore Supply Address: 382 N Cool Road Bellevue WA 93939"
			},
			{
				"spans": [
					{
						"offset": 443,
						"length": 7
					}
				],
				"boundingRegions": [
					{
						"pageNumber": 1,
						"polygon": [
							104,
							712,
							578,
							712,
							578,
							745,
							104,
							745
						]
					}
				],
				"content": "Details"
			},
			{
				"spans": [
					{
						"offset": 451,
						"length": 8
					}
				],
				"boundingRegions": [
					{
						"pageNumber": 1,
						"polygon": [
							578,
							712,
							732,
							712,
							732,
							745,
							578,
							745
						]
					}
				],
				"content": "Quantity"
			},
			{
				"spans": [
					{
						"offset": 460,
						"length": 10
					}
				],
				"boundingRegions": [
					{
						"pageNumber": 1,
						"polygon": [
							732,
							712,
							895,
							712,
							895,
							745,
							732,
							745
						]
					}
				],
				"content": "Unit Price"
			},
			{
				"spans": [
					{
						"offset": 471,
						"length": 5
					}
				],
				"boundingRegions": [
					{
						"pageNumber": 1,
						"polygon": [
							895,
							712,
							1055,
							712,
							1055,
							745,
							895,
							745
						]
					}
				],
				"content": "Total"
			},
			{
				"spans": [
					{
						"offset": 477,
						"length": 18
					}
				],
				"boundingRegions": [
					{
						"pageNumber": 1,
						"polygon": [
							104,
							745,
							578,
							745,
							578,
							774,
							103,
							774
						]
					}
				],
				"content": "Party Favor purple"
			},
			{
				"spans": [
					{
						"offset": 496,
						"length": 2
					}
				],
				"boundingRegions": [
					{
						"pageNumber": 1,
						"polygon": [
							578,
							745,
							732,
							745,
							732,
							773,
							578,
							774
						]
					}
				],
				"content": "20"
			},
			{
				"spans": [
					{
						"offset": 499,
						"length": 4
					}
				],
				"boundingRegions": [
					{
						"pageNumber": 1,
						"polygon": [
							732,
							745,
							895,
							745,
							895,
							773,
							732,
							773
						]
					}
				],
				"content": "5.00"
			},
			{
				"spans": [
					{
						"offset": 504,
						"length": 6
					}
				],
				"boundingRegions": [
					{
						"pageNumber": 1,
						"polygon": [
							895,
							745,
							1055,
							745,
							1055,
							773,
							895,
							773
						]
					}
				],
				"content": "100.00"
			},
			{
				"spans": [
					{
						"offset": 511,
						"length": 14
					}
				],
				"boundingRegions": [
					{
						"pageNumber": 1,
						"polygon": [
							103,
							774,
							578,
							774,
							578,
							804,
							103,
							804
						]
					}
				],
				"content": "Party Hat Blue"
			},
			{
				"spans": [
					{
						"offset": 526,
						"length": 2
					}
				],
				"boundingRegions": [
					{
						"pageNumber": 1,
						"polygon": [
							578,
							774,
							732,
							773,
							732,
							804,
							578,
							804
						]
					}
				],
				"content": "20"
			},
			{
				"spans": [
					{
						"offset": 529,
						"length": 4
					}
				],
				"boundingRegions": [
					{
						"pageNumber": 1,
						"polygon": [
							732,
							773,
							895,
							773,
							895,
							804,
							732,
							804
						]
					}
				],
				"content": "5.00"
			},
			{
				"spans": [
					{
						"offset": 534,
						"length": 6
					}
				],
				"boundingRegions": [
					{
						"pageNumber": 1,
						"polygon": [
							895,
							773,
							1055,
							773,
							1055,
							804,
							895,
							804
						]
					}
				],
				"content": "100.00"
			},
			{
				"spans": [
					{
						"offset": 541,
						"length": 17
					}
				],
				"boundingRegions": [
					{
						"pageNumber": 1,
						"polygon": [
							103,
							804,
							578,
							804,
							578,
							833,
							103,
							833
						]
					}
				],
				"content": "Party Cloth White"
			},
			{
				"spans": [
					{
						"offset": 559,
						"length": 2
					}
				],
				"boundingRegions": [
					{
						"pageNumber": 1,
						"polygon": [
							578,
							804,
							732,
							804,
							732,
							833,
							578,
							833
						]
					}
				],
				"content": "20"
			},
			{
				"spans": [
					{
						"offset": 562,
						"length": 4
					}
				],
				"boundingRegions": [
					{
						"pageNumber": 1,
						"polygon": [
							732,
							804,
							895,
							804,
							895,
							833,
							732,
							833
						]
					}
				],
				"content": "5.00"
			},
			{
				"spans": [
					{
						"offset": 567,
						"length": 6
					}
				],
				"boundingRegions": [
					{
						"pageNumber": 1,
						"polygon": [
							895,
							804,
							1055,
							804,
							1055,
							833,
							895,
							833
						]
					}
				],
				"content": "100.00"
			},
			{
				"spans": [
					{
						"offset": 574,
						"length": 18
					}
				],
				"boundingRegions": [
					{
						"pageNumber": 1,
						"polygon": [
							103,
							833,
							578,
							833,
							578,
							864,
							103,
							864
						]
					}
				],
				"content": "Party Maraca White"
			},
			{
				"spans": [
					{
						"offset": 593,
						"length": 2
					}
				],
				"boundingRegions": [
					{
						"pageNumber": 1,
						"polygon": [
							578,
							833,
							732,
							833,
							732,
							864,
							578,
							864
						]
					}
				],
				"content": "20"
			},
			{
				"spans": [
					{
						"offset": 596,
						"length": 4
					}
				],
				"boundingRegions": [
					{
						"pageNumber": 1,
						"polygon": [
							732,
							833,
							895,
							833,
							895,
							864,
							732,
							864
						]
					}
				],
				"content": "5.00"
			},
			{
				"spans": [
					{
						"offset": 601,
						"length": 6
					}
				],
				"boundingRegions": [
					{
						"pageNumber": 1,
						"polygon": [
							895,
							833,
							1055,
							833,
							1055,
							864,
							895,
							864
						]
					}
				],
				"content": "100.00"
			},
			{
				"spans": [
					{
						"offset": 608,
						"length": 15
					}
				],
				"boundingRegions": [
					{
						"pageNumber": 1,
						"polygon": [
							358,
							1175,
							493,
							1177,
							493,
							1199,
							358,
							1198
						]
					}
				],
				"content": "Larry Longshore"
			},
			{
				"spans": [
					{
						"offset": 624,
						"length": 16
					}
				],
				"boundingRegions": [
					{
						"pageNumber": 1,
						"polygon": [
							357,
							1201,
							501,
							1201,
							501,
							1222,
							357,
							1221
						]
					}
				],
				"content": "Shipping Manager"
			},
			{
				"spans": [
					{
						"offset": 641,
						"length": 15
					}
				],
				"boundingRegions": [
					{
						"pageNumber": 1,
						"polygon": [
							304,
							1144,
							540,
							1144,
							540,
							1175,
							304,
							1176
						]
					}
				],
				"content": "Larry Longshore"
			},
			{
				"spans": [
					{
						"offset": 657,
						"length": 17
					}
				],
				"boundingRegions": [
					{
						"pageNumber": 1,
						"polygon": [
							115,
							1231,
							326,
							1231,
							326,
							1258,
							115,
							1258
						]
					}
				],
				"content": "Additional Notes:"
			},
			{
				"spans": [
					{
						"offset": 675,
						"length": 8
					}
				],
				"boundingRegions": [
					{
						"pageNumber": 1,
						"polygon": [
							732,
							1074,
							895,
							1074,
							895,
							1103,
							732,
							1103
						]
					}
				],
				"content": "SUBTOTAL"
			},
			{
				"spans": [
					{
						"offset": 684,
						"length": 7
					}
				],
				"boundingRegions": [
					{
						"pageNumber": 1,
						"polygon": [
							895,
							1074,
							1057,
							1074,
							1057,
							1103,
							895,
							1103
						]
					}
				],
				"content": "$400.00"
			},
			{
				"spans": [
					{
						"offset": 692,
						"length": 3
					}
				],
				"boundingRegions": [
					{
						"pageNumber": 1,
						"polygon": [
							732,
							1103,
							895,
							1103,
							895,
							1136,
							732,
							1136
						]
					}
				],
				"content": "TAX"
			},
			{
				"spans": [
					{
						"offset": 696,
						"length": 6
					}
				],
				"boundingRegions": [
					{
						"pageNumber": 1,
						"polygon": [
							895,
							1103,
							1057,
							1103,
							1057,
							1135,
							895,
							1136
						]
					}
				],
				"content": "$14.00"
			},
			{
				"spans": [
					{
						"offset": 703,
						"length": 5
					}
				],
				"boundingRegions": [
					{
						"pageNumber": 1,
						"polygon": [
							732,
							1136,
							895,
							1136,
							895,
							1171,
							732,
							1171
						]
					}
				],
				"content": "TOTAL"
			},
			{
				"spans": [
					{
						"offset": 709,
						"length": 7
					}
				],
				"boundingRegions": [
					{
						"pageNumber": 1,
						"polygon": [
							895,
							1136,
							1057,
							1135,
							1057,
							1170,
							895,
							1171
						]
					}
				],
				"content": "$414.00"
			},
			{
				"spans": [
					{
						"offset": 717,
						"length": 191
					}
				],
				"boundingRegions": [
					{
						"pageNumber": 1,
						"polygon": [
							114,
							1286,
							1007,
							1285,
							1007,
							1366,
							114,
							1367
						]
					}
				],
				"content": "Unpack Carefully. Enjoy. Longshore Supply wishes you a happy party and is always here for for your party supply needs. For larger events and rentals please visit us at our affiliates webpage:"
			},
			{
				"spans": [
					{
						"offset": 909,
						"length": 23
					}
				],
				"boundingRegions": [
					{
						"pageNumber": 1,
						"polygon": [
							310,
							1363,
							578,
							1363,
							578,
							1390,
							310,
							1390
						]
					}
				],
				"content": "www.longshoreevents.org"
			}
		],
		"styles": [
			{
				"confidence": 1,
				"spans": [
					{
						"offset": 641,
						"length": 15
					}
				],
				"isHandwritten": true
			}
		]
	}
}