{
	"$schema": "https://schema.cognitiveservices.azure.com/formrecognizer/2021-03-01/labels.json",
	"document": "f1099msc_recipient.pdf",
	"labels": [
		{
			"label": "City",
			"value": [
				{
					"page": 1,
					"text": "Sunnyvale,",
					"boundingBoxes": [
						[
							0.08708235294117647,
							0.3415818181818182,
							0.15674117647058824,
							0.34201818181818183,
							0.15730588235294118,
							0.3533,
							0.08763529411764706,
							0.3537363636363636
						]
					]
				}
			]
		},
		{
			"label": "State",
			"value": [
				{
					"page": 1,
					"text": "CA",
					"boundingBoxes": [
						[
							0.16011764705882353,
							0.34201818181818183,
							0.17752941176470588,
							0.34201818181818183,
							0.17752941176470588,
							0.3533,
							0.16011764705882353,
							0.3533
						]
					]
				}
			]
		},
		{
			"label": "FirstName",
			"value": [
				{
					"page": 1,
					"text": "JK",
					"boundingBoxes": [
						[
							0.08651764705882353,
							0.25086363636363634,
							0.10112941176470588,
							0.25086363636363634,
							0.10112941176470588,
							0.2625909090909091,
							0.08651764705882353,
							0.2625909090909091
						]
					]
				}
			]
		},
		{
			"label": "LastName",
			"value": [
				{
					"page": 1,
					"text": "Holdings",
					"boundingBoxes": [
						[
							0.10562352941176471,
							0.25086363636363634,
							0.16348235294117647,
							0.25173636363636365,
							0.16404705882352943,
							0.2625909090909091,
							0.10617647058823529,
							0.2625909090909091
						]
					]
				}
			]
		}
	]
}