{
	"$schema": "https://schema.cognitiveservices.azure.com/formrecognizer/2021-03-01/labels.json",
	"document": "f1099msc_state.pdf",
	"labels": [
		{
			"label": "FirstName",
			"value": [
				{
					"page": 1,
					"text": "Darren",
					"boundingBoxes": [
						[
							0.0859529411764706,
							0.2513,
							0.1275294117647059,
							0.2513,
							0.1275294117647059,
							0.2617181818181818,
							0.08651764705882353,
							0.26128181818181817
						]
					]
				}
			]
		},
		{
			"label": "LastName",
			"value": [
				{
					"page": 1,
					"text": "Mok",
					"boundingBoxes": [
						[
							0.13145882352941177,
							0.2513,
							0.1584235294117647,
							0.2513,
							0.1584235294117647,
							0.2617181818181818,
							0.1320235294117647,
							0.2617181818181818
						]
					]
				}
			]
		},
		{
			"label": "City",
			"value": [
				{
					"page": 1,
					"text": "Alburquerque,",
					"boundingBoxes": [
						[
							0.0859529411764706,
							0.34201818181818183,
							0.1758470588235294,
							0.34201818181818183,
							0.1758470588235294,
							0.3537363636363636,
							0.0859529411764706,
							0.35416363636363635
						]
					]
				}
			]
		},
		{
			"label": "State",
			"value": [
				{
					"page": 1,
					"text": "NM,",
					"boundingBoxes": [
						[
							0.1786470588235294,
							0.34201818181818183,
							0.20449411764705883,
							0.34201818181818183,
							0.20449411764705883,
							0.3537363636363636,
							0.17921176470588238,
							0.3537363636363636
						]
					]
				}
			]
		}
	]
}