{
	"$schema": "https://schema.cognitiveservices.azure.com/formrecognizer/2021-03-01/fields.json",
	"fields": [
		{
			"fieldKey": "FirstName",
			"fieldType": "string",
			"fieldFormat": "not-specified"
		},
		{
			"fieldKey": "LastName",
			"fieldType": "string",
			"fieldFormat": "not-specified"
		},
		{
			"fieldKey": "City",
			"fieldType": "string",
			"fieldFormat": "not-specified"
		},
		{
			"fieldKey": "State",
			"fieldType": "string",
			"fieldFormat": "not-specified"
		}
	],
	"definitions": {}
}