{
	"$schema": "https://schema.cognitiveservices.azure.com/formrecognizer/2021-03-01/fields.json",
	"fields": [
		{
			"fieldKey": "SSN",
			"fieldType": "string",
			"fieldFormat": "not-specified"
		},
		{
			"fieldKey": "FirstName",
			"fieldType": "string",
			"fieldFormat": "not-specified"
		},
		{
			"fieldKey": "LastName",
			"fieldType": "string",
			"fieldFormat": "not-specified"
		},
		{
			"fieldKey": "SSNSpouse",
			"fieldType": "string",
			"fieldFormat": "not-specified"
		},
		{
			"fieldKey": "FirstNameSpouse",
			"fieldType": "string",
			"fieldFormat": "not-specified"
		},
		{
			"fieldKey": "LastNameSpouse",
			"fieldType": "string",
			"fieldFormat": "not-specified"
		},
		{
			"fieldKey": "City",
			"fieldType": "string",
			"fieldFormat": "not-specified"
		},
		{
			"fieldKey": "State",
			"fieldType": "string",
			"fieldFormat": "not-specified"
		},
		{
			"fieldKey": "TaxbableIncome",
			"fieldType": "string",
			"fieldFormat": "not-specified"
		}
	],
	"definitions": {}
}